id,name,date,url,description,deepseek_fields,deepseek_values
52376,Bangladesh: Floods and Landslides - Jun 2025,2025/6/2 21:45,https://reliefweb.int/taxonomy/term/52376,"The ongoing flood crisis in Bangladesh began in mid-May 2025, primarily triggered by heavy monsoon rainfall and upstream water flow from India. As of 1 June 2025, several districts, including Sylhet, Sunamganj, Moulvibazar, Habiganj, Netrokona, Noakhali, Bhola, Khagrachari, Bandarban and Rangamati have been severely affected. (Bangladesh Red Crescent Society, 2 Jun 2025)",,
52374,Nigeria: Floods - May 2025,2025/5/30 05:45,https://reliefweb.int/taxonomy/term/52374,"Heavy rainfall affected western Nigeria between 29 and 30 May, causing devastating floods that have resulted in casualties and severe damage. According to the International Federation of Red Cross and Red Crescent Societies (IFRC), as of 30 May, at least 97 people died, 20 are still missing and 45 have been injured in Kpege village of the Mokwa local government area in Niger state. At least 1,500 people have been affected including 200 displaced, approximately 50 houses have been destroyed by floods, and critical infrastructures and croplands have been damaged as well. Over the next 48 hours, more rainfall is still forecast over central and southern Nigeria, with local heavy rainfall in the southern part of the country. (ECHO, 30 May 2025)",,
52373,Algeria: Floods - May 2025,2025/5/30 04:40,https://reliefweb.int/taxonomy/term/52373,"Between 14 and 16 May 2025, severe flash floods triggered by intense rainfall and hailstorms affected at least 15 provinces across Algeria, with Djelfa, M’Sila, Laghouat, and Tiaret being the most severely impacted. The floods resulted in the deaths of 5 people, left 1 person missing, and injured over 100 individuals. Approximately 250 families have been affected by damage to their homes, and about 700 people were displaced due to the destruction of houses or unsafe living conditions. The impact has been devastating for rural livelihoods. Over 3,000 livestock—mainly sheep and turkeys—were lost, with further losses still being counted. At least 12 farms and 60 hectares of crops were destroyed, and damage assessments are ongoing. In terms of shelter, 252 houses were damaged, including 110 in Tiaret, 80 in Djelfa, 14 in M’Sila, and 48 in Laghouat. Infrastructure has also suffered severely, with multiple roads rendered impassable and at least five bridges either collapsed or critically damaged. Vulnerable rural and semi-rural communities have experienced major disruptions to their livelihoods, mobility, and access to essential services. Entire neighborhoods remain inundated, and vital transport links such as National Road 40 remain inaccessible. Coordination efforts are ongoing, with immediate priorities focusing on emergency shelter, relief item distribution, and psychosocial support for displaced and affected populations. (IFRC, 29 May 2025)","{""Event"": [""Disaster Group"", ""Disaster Type"", ""Disaster Date (YMD)""], ""Geographical Information"": [""Country"", ""Geographical Level 0""], ""Effect"": [""Number of Deaths"", ""Number of missing"", ""Number of Injured"", ""Number of affected"", ""Number of damaged and destroyed dwellings""]}","{""Event"": {""Disaster Group"": ""Hydrological"", ""Disaster Type"": ""Flood""}, ""Geographical Information"": {""Country"": ""Algeria"", ""Geographical Level 1"": [""Djelfa"", ""M'Sila"", ""Laghouat"", ""Tiaret""]}, ""Effect"": {""Number of Deaths"": 5, ""Number of missing"": 1, ""Number of Injured"": ""over 100"", ""Number of affected"": ""approximately 250"", ""Number of damaged and destroyed dwellings"": ""several provinces""}}"
52372,Zimbabwe: Malaria Outbreak - May 2025,2025/5/29 03:20,https://reliefweb.int/taxonomy/term/52372,"The malaria outbreak has resulted in increased morbidity and mortality, with 85 confirmed deaths reported as of 26 April 2025. The surge in malaria cases has placed additional pressure on healthcare facilities, particularly in rural areas where resources are limited. Clinics and hospitals have faced increased patient loads, leading to potential shortages in medical supplies and staff fatigue. The focus on managing the malaria outbreak has diverted attention and resources from other essential health services, such as maternal and child health programs, immunizations, and management of chronic diseases. (IFRC, 19 May 2025)","{""Event"": [""Malaria"", ""Vector-Borne"", ""2025-04-26"", ""Increased morbidity and mortality due to severe malaria transmission""], ""Geographical Information"": [], ""Effect"": [""Number of Deaths""]}","[""Malaria"", ""Vector-Borne"", ""2025-04-26"", ""Increased morbidity and mortality due to severe malaria transmission""]"
52371,Kenya: Floods - May 2025,2025/5/29 02:41,https://reliefweb.int/taxonomy/term/52371,"Kenya’s March–April–May (MAM) long rains, which began in March 2025, are expected to peak in mid to late May. So far, 23 counties—mainly in Coastal, Central, Lower Eastern, North Rift, Upper Eastern, Western, and North Eastern regions—have reported impacts including flash floods, strong winds, and landslides. As of 13 May, 14,793 households have been affected, 3,650 displaced, 23 fatalities reported, 5,337 acres of farmland destroyed, and 2,379 livestock lost. Rainfall is forecast to continue, with heavy downpours expected in Nairobi, the Central Highlands, Lake Victoria Basin, and parts of the Rift Valley. (IFRC, 27 May 2025)","{""Event"": [], ""Disaster Group"": [], ""Disaster Type"": [], ""Effect"": {""Number of Deaths"": [], ""Missing"": [], ""Number of Injured"": [], ""Number of Affected"": [""23 counties reported impacts"", ""14,793 households...""]}}","[""23""]"
52363,Ecuador: Yellow Fever Outbreak - May 2025,2025/5/15 11:43,https://reliefweb.int/taxonomy/term/52363,"As of 30 April, three cases were reported in Ecuador. Predicting new cases is uncertain due to virus transmission dynamics and irregular border crossings, especially from Colombia and Peru, where outbreaks persist. Risk is higher in Amazonian provinces with 88% vaccination—below the 95% target recommended by the Ministry of Public Health. Low coverage has led to rapid spread before. Strengthening surveillance, vector control, and immunization is key to protecting vulnerable populations. (IFRC, 15 May 2025)","{""Event"": [""Disaster Group"", ""Disaster Type"", ""Disaster Date (YMD)"", ""Cause""], ""Geographical Information"": [""Country"", ""Geographical Level 0""], ""Effect"": [""Number of Injured"", ""Number of affected""]}","{""Event"": {""Disaster Group"": ""Biological"", ""Disaster Type"": ""Epidemic"", ""Disaster Date (YMD)"": """", ""Cause"": ""Virus transmission dynamics and irregular border crossings""}, ""Geographical Information"": {""Country"": ""Ecuador"", ""Geographical Level 0"": [""Amazonian provinces""]}, ""Effect"": {""Number of Injured"": 3, ""Number of affected"": 3}}"
52360,Haiti: Floods - May 2025,2025/5/12 16:23,https://reliefweb.int/taxonomy/term/52360,"Intense rainfall during the night of 5 May caused several rivers in the North-East department to overflow their banks, resulting in significant flooding in the communes of Ouanaminthe and Ferrier. More than 3,200 houses were flooded in Ouanaminthe and around 700 in Ferrier, affecting more than 3,000 families, according to the General Directorate of Civil Protection.",,
52354,Tajikistan: Earthquake - Apr 2025,2025/4/28 15:42,https://reliefweb.int/taxonomy/term/52354,"On 13 April 2025, at 09:24 local time, an earthquake hit several regions of Tajikistan, including Rasht and Sughd regions and the capital city of Dushanbe. Its epicenter was located 160 kilometers northeast of Dushanbe, 21 kilometers east of the Rasht district. The intensity at the epicenter was 5–6 on the Richter scale, 4–5 in the Rasht region, and 3 in the city of Dushanbe. Aftershocks occurred on the same day at 12:14 and 13:33 in roughly the same geographical area, however with less strength.",{},"{""Event"": {""Disaster Group"": ""Geophysical"", ""Disaster Type"": ""Earthquake"", ""Disaster Date (YMD)"": ""2025-04-13""}, ""Geographical Information"": {""Country"": ""Tajikistan"", ""Regions"": [""Rasht"", ""Sughd""], ""City"": ""Dushanbe""}, ""Effect"": {""Intensity of earthquake (magnitude)"": ""5–6 on the Richter scale, with aftershocks having less strength.""}}"
52344,Tanzania: Floods - Mar 2025,2025/4/10 21:07,https://reliefweb.int/taxonomy/term/52344,"On March 21 to 24, 2025, continuous heavy rainfall accompanied by strong winds began impacting Ulanga District in Morogoro region, particularly in Iragua ward, leading to the collapse of 433 houses. The heavy rains displaced 2,165 people who are now in urgent need of shelter and aid. [...]The storm caused extensive damage to household items, crops, and personal belongings, with food stocks being destroyed due to roof collapses. (IFRC, 10 Apr 2025)","{""Event"": [""Disaster Group"", ""Disaster Type"", ""Disaster Date (YMD)""], ""Geographical Information"": [""Country"", ""Geographical Level 0"", ""Geographical Level 1""], ""Effect"": [""Number of affected""]}","{""Event"": {""Disaster Group"": ""Miscellaneous accident"", ""Disaster Type"": ""Fire (Miscellaneous)"", ""Disaster Date (YMD)"": ""2025-03-22""}, ""Geographical Information"": {""Country"": ""UG"", ""Geographical Level 0"": ""Morogoro"", ""Geographical Level 1"": ""U.langa District""}, ""Effect"": {""Number of affected"": 2165}}"
52342,Kenya: Cholera Outbreak - Apr 2025,2025/4/9 08:12,https://reliefweb.int/taxonomy/term/52342,"On 8 April, the Ministry of Health issued a statement on the ongoing cholera outbreak affecting several parts of the country. As of 6 April, 97 confirmed cases had been recorded, more than double the 43 cases reported by WHO on 20 March. Six deaths have been confirmed, resulting in a concerning case fatality rate (CFR) of 6.2%. The outbreak is being driven by limited access to safe water, poor hygiene, and inadequate sanitation—conditions particularly acute in Nairobi's informal settlements. These factors pose significant risks for further spread, especially during the current rainy season. (ECHO, 9 Apr 2025)",,
52340,DR Congo: Floods - Apr 2025,2025/4/9 04:55,https://reliefweb.int/taxonomy/term/52340,"Heavy rainfall has been affecting Kinshasa, the capital of the Democratic Republic of the Congo, since 4 April, causing flooding and landslides that have resulted in casualties and damage. According to the International Federation of Red Cross and Red Crescent Societies (IFRC), as of 7 April, 33 people have died and 46 were injured due to the overflow of the Ndjili River, affecting 13 out of 24 municipalities in Kinshasa city area. Media reports further indicate that several roads and houses have been destroyed or damaged, power outages have been recorded, and the water supply has been cut off. (ECHO, 8 Apr 2025)","{""Event"": [""Disaster Group"", ""Disaster Type""], ""Geographical Information"": [""Country"", ""Geographical Level 1""], ""Effect"": [""Number of Deaths"", ""Number of Injured""]}","{""Event"": {""Disaster Group"": ""Hydrological"", ""Disaster Type"": ""Flood""}, ""Geographical Information"": {""Country"": ""Democratic Republic of the Congo"", ""Geographical Level 1"": [""Kinshasa""]}, ""Effect"": {""Number of Deaths"": 33, ""Number of Injured"": 46}}"
52326,Afghanistan: Measles Outbreak - Jan 2025,2025/3/31 01:11,https://reliefweb.int/taxonomy/term/52326,"The suspected measles figures indicate a concerning upward trend, with 8776 new cases reported in the latest month, reflecting a 20.1% increase compared to January. This rise suggests a growing outbreak during the winter season. Monthly deaths totaled 69, with a case fatality rate (CFR) of 0.8%, while cumulative deaths reached 111, maintaining a CFR of 0.7%. The elevated CFR underscores the severity of measles, particularly among unvaccinated or under-vaccinated populations. The increase in cases may point to gaps in vaccination coverage or an outbreak within a susceptible population. Based on the MICS survey 2023, only 36.8% of children aged 24-35 months have been fully vaccinated against measles. (WHO, 18 Mar 2025)",,
52325,Papua New Guinea: Drought - Nov 2024,2025/3/30 20:52,https://reliefweb.int/taxonomy/term/52325,"The communities in Nissan, Fead, Carterets, Mortlock and Tasman islands in North Bougainville district of the Autonomous Region of Bougainville (AROB) are experiencing drought conditions since November 2024. The persistence of the dry spell prompted the Autonomous Bougainville Government’s (ABG) Regional Disaster Centre (BRDC) to conduct a remote disaster needs assessment. According to the BRDC’s assessment report dated 26 February 2026, the now 5-month long drought has resulted in the depletion of the communities’ water supplies typically stored in rain-fed water tanks. The affected populations, totalling 10,948 persons or 2,248 families or households have begun to resort to sourcing drinking water from dug-out wells and coconuts, and using sea water for cooking. (UNCT PNG, 29 Mar 2025)","{""Event"": [""Disaster Group"", ""Disaster Type""], ""Geographical Information"": [""Country""], ""Effect"": [""Number of affected""]}","{""Event"": {""Disaster Group"": ""Climatological"", ""Disaster Type"": ""Drought""}, ""Geographical Information"": {""Country"": ""Papua New Guinea"", ""Geographical Level 0"": ""Autonomous Region of Bougainville (AROB)"", ""Geographical Level 1"": ""North Bougainville District"", ""Geographical Level 2"": [""Nissan Islands"", ""Fead Islands"", ""Carteret Islands"", ""Mortlock Islands"", ""Tasman Islands""]}, ""Effect"": {""Number of affected"": 10948}}"
52324,Myanmar: Earthquake - Mar 2025,2025/3/28 07:30,https://reliefweb.int/taxonomy/term/52324,"A strong earthquake of 7.7 M at a depth of 10 km occurred on 28 March at 06.20 UTC (12.50 local time) in Sagaing Region, central Myanmar. The epicentre was located about 16 km north-north-west of Sagaing city, and 19 km north-west of Mandalay city. An aftershock of 6.4 M at a depth of 10 km occurred in the same area at 06.32 UTC. Sagaing is home to 1.3 million internally displaced persons (IDPs) – a third of all IDPs in Myanmar. USGS PAGER estimates that up to 7,000 people were exposed to violent shaking, up to 2,866,000 people to severe shaking, and up to 10,190,000 exposed to strong and very strong shaking. According to media reports, several buildings collapsed in Mandalay city, and buckling roads have been observed in Naypyidaw, the capital of Myanmar. The earthquake was felt in Bangkok and Chiang Mai cities in Thailand, where people have been evacuated from buildings, and in Yunnan and Shaanxi provinces in China. Aftershocks are continuing to be felt across the country. Myanmar has the fifth highest number of people in need of humanitarian assistance globally – 20 million, or about a third of the country. (ECHO, 28 Mar 2025)",,
52322,Iraq: Floods - Mar 2025,2025/3/26 03:44,https://reliefweb.int/taxonomy/term/52322,"On Thursday, March 7, 2025, most of the governorates of Iraq witnessed unprecedented heavy rains that lasted for three consecutive days, straining the capacity of the water channels and drainage networks which led to a rise in the water level and widespread flooding. Major cities such as Al Anbar, Erbil, Al Qadisiyyah, Diyala, and Thi Qar were affected, flooding streets, causing road disruptions, and the suspension of basic services, most notably sewage, power plants, potable water, and communications. Due to the severity of its impact, most governorates were forced to suspend the official working hours of schools and universities in order to ensure the safety of citizens. In Baghdad, the heavy rainfall, which measured over 72 millimetres in just one hour, far surpassed the city's infrastructure limits, which can handle only between 24 and 38 millimetres per hour. Residential areas and roads were inundated, leading to traffic chaos and property damage. The Kurdistan Region also experienced widespread flooding, with reports of homes and businesses being affected. Authorities have been working to manage the emergency, but the scale of the flooding has overwhelmed local resources. Heavy flooding was also reported in Babil and Karbala governorates, where main roads are submerged, particularly in the cities. (IFRC, 25 Mar 2025)","{""Event"": {""Disaster Group"": ""Flood"", ""Disaster Type"": ""Rain related""}, ""Geographical Information"": {""Country"": ""Iraq""}, ""Effect"": {""Number of affected"": "">300,000""}}","{""Event"": {""Disaster Group"": ""Hydrological"", ""Disaster Type"": ""Rain related"", ""Date"": ""2025-03"", ""Cause"": ""Unprecedented heavy rains that lasted for three consecutive days""}, ""Geographical Information"": {""Country"": ""Iraq"", ""Geographical Level 1"": [""Al Anbar"", ""Erbil"", ""Al Qadisiyyah"", ""Diyala"", ""Thi Qar""]}, ""Effect"": {""Number of affected"": "">300,000""}}"
52321,Zimbabwe: Cholera Outbreak - Dec 2024,2025/3/24 04:29,https://reliefweb.int/taxonomy/term/52321,"Zimbabwe has recorded a surge in cholera cases, which have reached critical levels, necessitating urgent interventions. Harare reported its first case on December 6, 2024, in the Belvedere squatter camp. The outbreak, also reported on December 19, 2024, in Mazowe District, Bindura, Kariba, Mt Darwin, Uzumba Maramba Pfungwe (UMP), Beitbridge, Chiredzi, and Hwedza, has escalated rapidly, with cumulative cases reaching 579 and 13 fatalities recorded as of March 12, 2025. This cholera outbreak is particularly alarming due to its unprecedented spread into areas that were previously unaffected by the disease, such as Hwedza and UMP. Historically, cholera outbreaks in Zimbabwe have been concentrated in urban centers and known hotspot districts with fragile water, sanitation, and hygiene (WASH) infrastructure. However, the current outbreak has breached these traditional patterns, affecting both rural and peri-urban areas that had not previously reported cases, signaling a worrying shift in disease dynamics. (IFRC, 20 Mar 2025)",,
52319,Bolivia: Heavy Rains and Floods - Mar 2025,2025/3/21 11:28,https://reliefweb.int/taxonomy/term/52319,"Since the start of the rainy season, VIDECI has reported a total of 76,563 flood-affected families and 216,542 affected families nationwide as of March 17, 2025. These figures represent an increase of 144.7% and 131.4%, respectively, compared to the data from February 17, 2025. In the nine departments, 186 municipalities and 3,580 communities have been affected. Of these, 73 municipalities have been declared in a state of disaster and 19 in a state of emergency. In the department of La Paz, which has been declared a state of emergency, as well as in Chuquisaca and Beni, 40 municipalities are in a state of disaster. (VIDECI, March 17, 2025) (OCHA, 19 Mar 2025)",,
52318,Ecuador: Oil Spill - Mar 2025,2025/3/20 21:34,https://reliefweb.int/taxonomy/term/52318,"On 13 March, a major oil pipeline ruptured inland Ecuador, contaminating several rivers and outpouring into coastal areas. More than 300,000 people are affected, primarily due to the suspension of potable water in the area. The lack of safe access to water increases the risk of disease and heightens vulnerabilities and needs in affected communities that are already highly marginalized. On 20 March, the Government officially requested support from the United Nations, specifically noting the Joint Environment Unit (JEU) and UN Disaster Assessment and Coordination (UNDAC). The situation is further exacerbated by ongoing security challenges in Esmeraldas, one of the provinces most affected by the national security crisis, while heavy rains continue to hinder response efforts. (OCHA, 20 Mar 2025)","{""Event"": [], ""Geographical Information"": [""Country""], ""Effect"": [""Number of affected""]}","{""Event"": {""Disaster Group"": ""Industrial accident"", ""Disaster Type"": ""Oil spill"", ""Disaster Date (YMD)"": ""2025-03-13"", ""Cause"": ""Major oil pipeline rupture""}, ""Geographical Information"": {""Country"": ""Ecuador"", ""Geographical Level 0"": ""Esmeraldas""}}"
52316,Argentina: Floods - Mar 2025,2025/3/19 11:05,https://reliefweb.int/taxonomy/term/52316,"On 6 March, the National Meteorological Service, through its Early Warning System, established the Orange Alert Level for storms for the southern region of the Province of Buenos Aires. Given that this represented a dangerous phenomenon for society, life, property and the environment, both the municipal authorities and different community institutions took preventive measures such as the suspension of classes, cancellation of outdoor activities and reinforcements in risk communication.","{""Event"": [""Disaster Group"", ""Disaster Type""], ""Geographical Information"": [""Country"", ""Geographical Level 0""], ""Effect"": []}","{""Event"": {""Disaster Group"": ""Meteorological"", ""Disaster Type"": ""Extreme temperature""}, ""Geographical Information"": {""Country"": ""Philippines"", ""Geographical Level 0"": ""Buenos Aires""}}"
52306,Tropical Cyclone Jude - Mar 2025,2025/3/10 15:09,https://reliefweb.int/taxonomy/term/52306,"According to the Mozambique National Institute of Meteorology (INAM), Cyclone Jude made its landfall over the district of Mossuril in Nampula province on 10 March at 06:00H (local time), with maximum sustained winds of 140 km/h and gustiness of up to 195 km/h.","{""Event"": [""Disaster Group""], ""Geographical Information"": [""Country"", ""Geographical Level 0"", ""Geographical Level 1""]}","{""Event"": {""Disaster Group"": ""Meteorological"", ""Disaster Type"": ""Storm"", ""Disaster Date (YMD)"": ""2023-03-10""}, ""Geographical Information"": {""Country"": ""Mozambique"", ""Geographical Level 0"": ""Nampula province"", ""Geographical Level 1"": ""Mossuril""}}"
